CrimeID,CrimeCategory,CrimeType,Latitude,Longitude,CrimeDate,CrimeTime,Severity
STA-210210-107,Loitering and Harassment,Stalking,28.603687319123747,77.20690154994669,2021-02-10,16:14:16,4
DRA-210627-422,Illegal Street Racing,Drag Racing,28.63951078600713,77.17959874515807,2021-06-27,10:54:00,3
REC-210422-496,Traffic Violation,Reckless Driving,28.630731957740725,77.20268532453655,2021-04-22,13:38:23,3
DRA-211013-802,Illegal Street Racing,Drag Racing,28.603319418462803,77.18362909127275,2021-10-13,19:01:41,3
ACC-210103-193,Hit-and-Run,Accident Fleeing,28.65399762552614,77.227004694115,2021-01-03,10:29:45,4
PUB-210418-728,Drug Trafficking,Public Intoxication,28.6736736433657,77.22885551397859,2021-04-18,23:37:08,1
STR-210501-339,Loitering and Harassment,Street Harassment,28.655303102705496,77.20053066438852,2021-05-01,05:11:17,3
PAR-210722-170,Robbery,Parking Lot Robbery,28.600432161116853,77.24058685803355,2021-07-22,03:08:36,4
SEX-210105-056,Sexual Crime,Sexual Assault,28.637507232713464,77.1834950671774,2021-01-05,13:40:37,5
VER-210721-256,Assault,Verbal Altercation,28.666758290048506,77.23449062985371,2021-07-21,11:37:19,2
DRU-210819-170,Traffic Violation,Drunk Driving,28.660001913722066,77.26624354056509,2021-08-19,01:57:39,4
SEX-210702-800,Sexual Crime,Sexual Harassment,28.654355969212062,77.18553198943486,2021-07-02,02:40:31,3
VER-210301-800,Hate Crimes,Verbal Abuse,28.642292346141218,77.24273280238623,2021-03-01,04:33:19,3
VEH-210725-918,Kidnapping,Vehicle Abduction,28.600362773955993,77.18512584594065,2021-07-25,12:40:56,5
ILL-211122-663,Obstruction,Illegal Vending,28.630383026426344,77.23172525640283,2021-11-22,08:40:12,1
BLO-210601-761,Obstruction,Blocking Pedestrian Path,28.647090114173068,77.18702638111598,2021-06-01,01:51:34,1
VEH-211021-893,Theft,Vehicle Theft,28.655786329123373,77.23352256634881,2021-10-21,19:56:39,4
PIC-210416-163,Theft,Pickpocketing,28.629234106370113,77.2315588993581,2021-04-16,17:43:59,2
ROA-210310-807,Vandalism,Road Sign Graffiti,28.65808173025652,77.23359773864081,2021-03-10,05:57:58,1
TAR-210725-151,Hate Crimes,Targeted Assault,28.602782386183,77.24239651636636,2021-07-25,07:07:44,5
PUB-211107-733,Vandalism,Public Property Destruction,28.638763431378877,77.17714106402916,2021-11-07,20:15:00,3
DRU-210912-785,Traffic Violation,Drunk Driving,28.663274366395036,77.17336467789951,2021-09-12,04:59:03,4
PUB-210727-446,Vandalism,Public Property Destruction,28.600203903917507,77.18551668162388,2021-07-27,09:14:45,3
ARM-210914-140,Robbery,Armed Robbery,28.660604024540042,77.21258998287256,2021-09-14,22:12:44,5
VEH-210705-010,Kidnapping,Vehicle Abduction,28.668361890558327,77.26472826231358,2021-07-05,20:02:34,5
VEH-211224-137,Kidnapping,Vehicle Abduction,28.648206276798497,77.20396296509787,2021-12-24,23:23:17,5
VER-210824-259,Hate Crimes,Verbal Abuse,28.64467219259595,77.26873699128662,2021-08-24,08:21:41,3
STR-210903-535,Loitering and Harassment,Street Harassment,28.64552502396004,77.18805341213134,2021-09-03,11:01:20,3
VEH-210908-743,Vandalism,Vehicle Damage,28.671244155023786,77.26731772314187,2021-09-08,05:26:41,2
DRA-211113-458,Illegal Street Racing,Drag Racing,28.606511639431748,77.23217334290028,2021-11-13,16:02:17,3
PUB-210615-670,Drug Trafficking,Public Intoxication,28.66023746957411,77.2275998023003,2021-06-15,19:38:27,1
HIG-210704-181,Kidnapping,Highway Kidnapping,28.660575774126198,77.2417875723321,2021-07-04,02:30:56,5
PUB-210827-474,Drug Trafficking,Public Intoxication,28.646991525607575,77.19673666691816,2021-08-27,16:58:04,1
PUB-210517-592,Drug Trafficking,Public Intoxication,28.591124922243015,77.22937543346987,2021-05-17,03:25:04,1
VEH-211127-300,Kidnapping,Vehicle Abduction,28.601575090055583,77.20504325083598,2021-11-27,02:43:22,5
CAR-210326-480,Assault,Carjacking,28.662785494378983,77.26351781780953,2021-03-26,11:51:48,5
BLO-210426-282,Obstruction,Blocking Pedestrian Path,28.669298516550498,77.25643119898734,2021-04-26,15:43:44,1
DAN-211006-652,Illegal Street Racing,Dangerous Driving,28.644112610609472,77.18210331534249,2021-10-06,09:49:14,4
INS-210119-115,Fraud,Insurance Scam,28.648155101574027,77.19771456596023,2021-01-19,18:49:06,3
SPE-210801-224,Traffic Violation,Speeding,28.639699892084753,77.17711463938757,2021-08-01,20:47:01,2
TAR-211103-496,Hate Crimes,Targeted Assault,28.591766711929083,77.24367071490185,2021-11-03,10:59:09,5
BLO-210620-941,Obstruction,Blocking Pedestrian Path,28.627735956693012,77.20043044711295,2021-06-20,21:58:15,1
CAR-210209-355,Assault,Carjacking,28.6765003171841,77.19694298697856,2021-02-09,04:28:38,5
VER-210927-735,Hate Crimes,Verbal Abuse,28.668850089462854,77.1807899915787,2021-09-27,01:09:13,3
INS-210121-117,Fraud,Insurance Scam,28.64085238988997,77.18138019851828,2021-01-21,15:10:23,3
ACC-210608-809,Hit-and-Run,Accident Fleeing,28.610221167600322,77.22912329690277,2021-06-08,07:46:30,4
DRA-210121-590,Illegal Street Racing,Drag Racing,28.676610557013447,77.26772342292085,2021-01-21,00:36:30,3
INS-210506-694,Fraud,Insurance Scam,28.610219226514744,77.21172231296276,2021-05-06,22:22:42,3
VEH-211228-382,Vandalism,Vehicle Damage,28.654560616710295,77.18568475708456,2021-12-28,04:55:32,2
MUG-210127-174,Robbery,Mugging,28.662666010501145,77.26579550220349,2021-01-27,17:42:15,4
VER-211103-185,Hate Crimes,Verbal Abuse,28.653531813162108,77.20144376811676,2021-11-03,15:05:10,3
INS-210621-805,Fraud,Insurance Scam,28.656769340747065,77.20159310015279,2021-06-21,07:47:57,3
INJ-210525-976,Hit-and-Run,Injury Escape,28.589601546313478,77.25492596679058,2021-05-25,19:06:15,5
REC-210305-134,Traffic Violation,Reckless Driving,28.6466379972322,77.22836563393464,2021-03-05,02:41:39,3
VEH-210505-765,Kidnapping,Vehicle Abduction,28.64562810813583,77.21344851788827,2021-05-05,16:36:24,5
SEX-211228-345,Sexual Crime,Sexual Harassment,28.650942624737866,77.20974759602403,2021-12-28,22:13:19,3
STE-210417-319,Theft,Stealing from Vehicle,28.659206511311478,77.2069843880389,2021-04-17,13:13:42,3
MUG-210512-131,Robbery,Mugging,28.659342504120882,77.26261295417032,2021-05-12,01:54:01,4
HIG-210616-504,Kidnapping,Highway Kidnapping,28.620892849525916,77.23273887008467,2021-06-16,14:53:45,5
CAR-211017-953,Assault,Carjacking,28.59790591018779,77.22206142374883,2021-10-17,06:51:44,5
PUB-210427-577,Vandalism,Public Property Destruction,28.656950730923793,77.23646017024316,2021-04-27,09:38:50,3
TAR-210920-894,Hate Crimes,Targeted Assault,28.67640448444385,77.18161200715917,2021-09-20,11:26:41,5
PUB-210220-231,Vandalism,Public Property Destruction,28.634122419140613,77.18975814137951,2021-02-20,04:02:18,3
INS-210406-159,Fraud,Insurance Scam,28.640190813125372,77.18098981384311,2021-04-06,19:09:32,3
VEH-210316-865,Vandalism,Vehicle Damage,28.630261594678178,77.20152793340057,2021-03-16,11:15:38,2
DAN-211006-011,Illegal Street Racing,Dangerous Driving,28.666235727054147,77.19162150392772,2021-10-06,16:21:52,4
HUM-211227-508,Drug Trafficking,Human Trafficking,28.64441917079447,77.2180034050149,2021-12-27,18:25:46,5
VEH-210223-458,Theft,Vehicle Theft,28.609006014642524,77.20070369574383,2021-02-23,03:37:58,4
VEH-210522-485,Theft,Vehicle Theft,28.65347888136235,77.22844669648678,2021-05-22,23:26:45,4
TAR-210605-556,Hate Crimes,Targeted Assault,28.6766648606044,77.25714724092029,2021-06-05,15:24:00,5
PAR-211222-595,Robbery,Parking Lot Robbery,28.609625433124087,77.22405517080117,2021-12-22,05:44:06,4
VEH-211124-653,Vandalism,Vehicle Damage,28.650175823855164,77.21118753351475,2021-11-24,23:58:01,2
SPE-210228-297,Traffic Violation,Speeding,28.63832696544407,77.18721321472813,2021-02-28,12:43:50,2
TOL-210315-917,Fraud,Toll Booth Fraud,28.655119557154134,77.18609456734835,2021-03-15,02:22:10,2
HIG-210925-760,Kidnapping,Highway Kidnapping,28.674756089955004,77.1760058498175,2021-09-25,14:56:58,5
REC-211123-962,Traffic Violation,Reckless Driving,28.672489315836717,77.2558172090565,2021-11-23,03:29:30,3
BIK-210420-224,Theft,Bike Theft,28.6604983242301,77.19838555215244,2021-04-20,10:00:59,2
STR-210923-746,Loitering and Harassment,Street Harassment,28.628633047858216,77.2331486873686,2021-09-23,03:23:15,3
STR-211027-216,Loitering and Harassment,Street Harassment,28.6585567102367,77.22344053299892,2021-10-27,05:28:07,3
BLO-210617-971,Obstruction,Blocking Pedestrian Path,28.607137521339986,77.19920309714907,2021-06-17,23:19:36,1
INJ-211225-744,Hit-and-Run,Injury Escape,28.657031624080485,77.20337507228706,2021-12-25,11:18:18,5
DRA-210916-643,Illegal Street Racing,Drag Racing,28.67252930556581,77.20294466033366,2021-09-16,04:59:29,3
INS-210826-835,Fraud,Insurance Scam,28.648446305204043,77.2236311041618,2021-08-26,09:50:18,3
ARM-211007-893,Robbery,Armed Robbery,28.6653116747993,77.18562272226262,2021-10-07,22:17:14,5
RAP-210813-471,Sexual Crime,Rape,28.635566936927116,77.20733708543884,2021-08-13,08:09:05,5
ROA-210925-636,Assault,Road Rage Incident,28.639250578543265,77.17801994645686,2021-09-25,09:10:52,4
PUB-211023-444,Drug Trafficking,Public Intoxication,28.652194738585933,77.20640329764898,2021-10-23,23:48:27,1
BLO-210821-095,Obstruction,Blocking Pedestrian Path,28.649880727128796,77.2107282706807,2021-08-21,23:46:41,1
TAR-210512-697,Hate Crimes,Targeted Assault,28.667079094616863,77.21253930285297,2021-05-12,16:24:42,5
STR-210303-039,Loitering and Harassment,Street Harassment,28.637382616223544,77.22904160633168,2021-03-03,12:17:02,3
PED-211212-101,Assault,Pedestrian Attack,28.6535622123774,77.2521647938496,2021-12-12,09:17:11,5
DRA-211224-555,Illegal Street Racing,Drag Racing,28.59605154516492,77.23085701108849,2021-12-24,21:03:07,3
DAN-211228-773,Illegal Street Racing,Dangerous Driving,28.637864760093645,77.18393210266423,2021-12-28,20:11:22,4
VEH-211203-428,Theft,Vehicle Theft,28.665921177798996,77.1957103675183,2021-12-03,07:58:00,4
SEX-211008-616,Sexual Crime,Sexual Harassment,28.660251203157017,77.17871455192655,2021-10-08,22:58:57,3
HIG-211115-480,Kidnapping,Highway Kidnapping,28.65812015768932,77.18864634339728,2021-11-15,19:41:46,5
MUG-210417-835,Robbery,Mugging,28.65471697109854,77.2228907978515,2021-04-17,12:51:24,4
PAR-210512-346,Robbery,Parking Lot Robbery,28.640506201830956,77.23082862240615,2021-05-12,15:16:50,4
VER-210809-930,Hate Crimes,Verbal Abuse,28.64607899125639,77.18699535110007,2021-08-09,14:34:00,3
ILL-210122-690,Obstruction,Illegal Vending,28.63086030261035,77.20907491694678,2021-01-22,08:21:52,1
HUM-211103-401,Drug Trafficking,Human Trafficking,28.65825048363326,77.26586319461073,2021-11-03,22:14:40,5
TOL-211013-205,Fraud,Toll Booth Fraud,28.66836853830216,77.18679959770466,2021-10-13,14:58:50,2
DAN-210613-489,Illegal Street Racing,Dangerous Driving,28.64910660773977,77.18285875740901,2021-06-13,22:10:48,4
STR-210116-854,Loitering and Harassment,Street Harassment,28.647084159891595,77.19573394861713,2021-01-16,06:55:56,3
VER-211226-418,Hate Crimes,Verbal Abuse,28.670283273471256,77.19392009560863,2021-12-26,06:48:27,3
SPE-210507-973,Traffic Violation,Speeding,28.64746176142397,77.19480902573332,2021-05-07,09:52:30,2
AGG-210514-293,Loitering and Harassment,Aggressive Panhandling,28.667003883058182,77.19731250107955,2021-05-14,03:27:12,2
PED-210710-305,Assault,Pedestrian Attack,28.648239117489492,77.1777412981264,2021-07-10,11:49:23,5
PUB-210603-096,Vandalism,Public Property Destruction,28.59033995689679,77.24137871147708,2021-06-03,16:01:08,3
BLO-211111-283,Obstruction,Blocking Pedestrian Path,28.630849108623057,77.21629461068721,2021-11-11,23:13:49,1
INJ-211212-887,Hit-and-Run,Injury Escape,28.66079626418927,77.26620550492791,2021-12-12,10:30:24,5
HUM-211208-003,Drug Trafficking,Human Trafficking,28.622747760275207,77.20248788315934,2021-12-08,03:57:41,5
SEX-210220-379,Sexual Crime,Sexual Assault,28.67144593914093,77.17906273634743,2021-02-20,16:08:52,5
SEX-210725-836,Sexual Crime,Sexual Harassment,28.647216406988925,77.21727883273445,2021-07-25,11:09:52,3
TOL-210818-880,Fraud,Toll Booth Fraud,28.65306277684474,77.23395972869902,2021-08-18,21:17:16,2
BLO-210710-411,Obstruction,Blocking Pedestrian Path,28.675701855140044,77.20947933712195,2021-07-10,18:01:41,1
MUG-210803-865,Robbery,Mugging,28.655770259298478,77.21204538188766,2021-08-03,00:28:50,4
ROA-210623-924,Assault,Road Rage Incident,28.614762208611594,77.23411685106193,2021-06-23,14:19:40,4
PUB-211213-208,Drug Trafficking,Public Intoxication,28.674157511672902,77.17756733248814,2021-12-13,23:12:06,1
VEH-210601-928,Kidnapping,Vehicle Abduction,28.647453057418527,77.2134032910221,2021-06-01,05:18:53,5
AGG-210117-028,Loitering and Harassment,Aggressive Panhandling,28.587975998513755,77.2519629619996,2021-01-17,17:54:48,2
CAR-210717-257,Assault,Carjacking,28.632500767228596,77.2076769259773,2021-07-17,20:32:40,5
ILL-211002-720,Obstruction,Illegal Vending,28.64971187616066,77.2114848922469,2021-10-02,16:10:30,1
HUM-211102-597,Drug Trafficking,Human Trafficking,28.645735471237284,77.18637734157856,2021-11-02,12:54:36,5
INJ-211121-248,Hit-and-Run,Injury Escape,28.651260512237677,77.22811008243991,2021-11-21,16:29:11,5
DAN-210915-133,Illegal Street Racing,Dangerous Driving,28.650909179760546,77.18410734276618,2021-09-15,16:34:48,4
ARM-211211-800,Robbery,Armed Robbery,28.67322243820465,77.17969697255381,2021-12-11,02:07:37,5
VER-211123-529,Assault,Verbal Altercation,28.6571145815196,77.2070162331076,2021-11-23,02:24:17,2
BIK-211204-246,Theft,Bike Theft,28.66113512194859,77.20966327517628,2021-12-04,05:33:13,2
PUB-210111-781,Drug Trafficking,Public Intoxication,28.608360005690315,77.23295331735899,2021-01-11,02:42:26,1
STR-210803-472,Loitering and Harassment,Street Harassment,28.665394303420133,77.2687643258039,2021-08-03,13:04:13,3
TOL-210816-839,Fraud,Toll Booth Fraud,28.62453763154793,77.22929116618113,2021-08-16,15:57:53,2
VER-210211-689,Assault,Verbal Altercation,28.60955743637574,77.19953375135597,2021-02-11,17:52:54,2
VER-211108-749,Hate Crimes,Verbal Abuse,28.60141634474289,77.24163617628415,2021-11-08,08:49:34,3
VEH-210127-879,Kidnapping,Vehicle Abduction,28.65025501075767,77.19527869054212,2021-01-27,14:17:47,5
BIK-211009-058,Theft,Bike Theft,28.597090118861534,77.22059576414874,2021-10-09,23:58:39,2
PUB-210125-236,Vandalism,Public Property Destruction,28.642056183603103,77.21299044961347,2021-01-25,13:03:32,3
RAP-211116-868,Sexual Crime,Rape,28.59997586355292,77.22402534686613,2021-11-16,13:27:29,5
HUM-210701-748,Drug Trafficking,Human Trafficking,28.67031461484412,77.23316970915742,2021-07-01,02:29:35,5
INJ-210915-583,Hit-and-Run,Injury Escape,28.65035731816305,77.20877572411774,2021-09-15,05:46:12,5
RAP-211225-442,Sexual Crime,Rape,28.673603417244983,77.25454329478762,2021-12-25,08:13:22,5
ROA-210806-001,Assault,Road Rage Incident,28.673514602162395,77.18273400989374,2021-08-06,10:30:16,4
STR-210607-232,Loitering and Harassment,Street Harassment,28.66368902796792,77.17574290952929,2021-06-07,07:51:23,3
VEH-211123-935,Vandalism,Vehicle Damage,28.64491814452017,77.18703891919536,2021-11-23,18:18:31,2
INS-211212-626,Fraud,Insurance Scam,28.642649694826556,77.17206148164927,2021-12-12,23:32:05,3
ILL-210103-128,Obstruction,Illegal Vending,28.637412313522162,77.26659560754818,2021-01-03,02:38:53,1
RAP-210925-505,Sexual Crime,Rape,28.591982619352088,77.16801666133877,2021-09-25,06:51:02,5
ROA-210308-081,Assault,Road Rage Incident,28.65479432412916,77.23377565362335,2021-03-08,23:32:37,4
PAR-210523-773,Robbery,Parking Lot Robbery,28.592052179421383,77.21263575203868,2021-05-23,17:35:16,4
SPE-211208-010,Traffic Violation,Speeding,28.67654874439379,77.26822295679132,2021-12-08,05:46:19,2
PUB-210115-334,Drug Trafficking,Public Intoxication,28.630738631535063,77.2003322492394,2021-01-15,22:32:14,1
SEX-210717-502,Sexual Crime,Sexual Assault,28.643025754613806,77.23549102129577,2021-07-17,02:02:28,5
ARM-210608-298,Robbery,Armed Robbery,28.66813207779182,77.18963580025274,2021-06-08,09:45:35,5
SEX-210224-265,Sexual Crime,Sexual Assault,28.641411476627297,77.18025299104188,2021-02-24,15:58:00,5
ROA-210724-534,Vandalism,Road Sign Graffiti,28.619977880966204,77.17608325359116,2021-07-24,08:14:01,1
STR-211210-317,Loitering and Harassment,Street Harassment,28.640371694018512,77.18463023212172,2021-12-10,23:28:18,3
REC-210220-572,Traffic Violation,Reckless Driving,28.659034616659387,77.23335780136306,2021-02-20,00:43:39,3
DRA-210218-257,Illegal Street Racing,Drag Racing,28.645896212705726,77.18399174425613,2021-02-18,07:20:49,3
DRU-211102-373,Traffic Violation,Drunk Driving,28.62652919374088,77.21589735267193,2021-11-02,10:23:23,4
VEH-211023-779,Kidnapping,Vehicle Abduction,28.66006485953546,77.20898802737062,2021-10-23,08:11:46,5
SEX-211112-541,Sexual Crime,Sexual Assault,28.659292909260632,77.18298461659393,2021-11-12,05:01:46,5
PUB-210119-765,Vandalism,Public Property Destruction,28.592413792138025,77.18755585431842,2021-01-19,08:00:06,3
DRU-210317-283,Traffic Violation,Drunk Driving,28.644515159182692,77.18546539599194,2021-03-17,03:03:02,4
RAP-211002-950,Sexual Crime,Rape,28.67012401542148,77.259194342298,2021-10-02,15:36:09,5
INS-210701-490,Fraud,Insurance Scam,28.649534607222453,77.2457367381773,2021-07-01,18:16:31,3
HIG-210817-972,Kidnapping,Highway Kidnapping,28.649579539917085,77.22774772816078,2021-08-17,09:29:08,5
DRA-210603-257,Illegal Street Racing,Drag Racing,28.645970705575408,77.17482984326945,2021-06-03,10:43:41,3
ROA-210627-925,Vandalism,Road Sign Graffiti,28.635785066752977,77.23293525841262,2021-06-27,04:30:38,1
BIK-211217-887,Theft,Bike Theft,28.606425393700317,77.20001774650304,2021-12-17,14:26:58,2
SPE-210902-340,Traffic Violation,Speeding,28.664306154387088,77.18894331275654,2021-09-02,08:46:43,2
SPE-211012-389,Traffic Violation,Speeding,28.65097864423017,77.1908347310712,2021-10-12,05:37:42,2
TOL-211225-231,Fraud,Toll Booth Fraud,28.649643134550324,77.1899587236041,2021-12-25,20:49:35,2
ROA-211213-152,Assault,Road Rage Incident,28.627015663282613,77.21536134235747,2021-12-13,10:10:47,4
STR-211225-231,Loitering and Harassment,Street Harassment,28.675401081052364,77.26708042268014,2021-12-25,07:43:14,3
PIC-210102-970,Theft,Pickpocketing,28.665325803805285,77.19756121876266,2021-01-02,10:22:23,2
PUB-211124-499,Drug Trafficking,Public Intoxication,28.648111917279955,77.19411153330489,2021-11-24,17:10:33,1
PAR-210904-729,Robbery,Parking Lot Robbery,28.65202447503577,77.19084082064772,2021-09-04,00:39:40,4
SEX-210715-264,Sexual Crime,Sexual Harassment,28.64097184344354,77.2105583855882,2021-07-15,04:20:07,3
BIK-210305-827,Theft,Bike Theft,28.66423725140951,77.20738716110417,2021-03-05,15:35:45,2
BLO-210816-813,Obstruction,Blocking Pedestrian Path,28.600229956865576,77.20431916642762,2021-08-16,11:24:42,1
STR-210825-368,Loitering and Harassment,Street Harassment,28.673182899930516,77.1724962705755,2021-08-25,04:00:47,3
VER-210402-981,Hate Crimes,Verbal Abuse,28.64760441634624,77.23290042316897,2021-04-02,21:03:09,3
INJ-210212-393,Hit-and-Run,Injury Escape,28.65266356992332,77.22898012909373,2021-02-12,17:34:22,5
HIG-211122-268,Kidnapping,Highway Kidnapping,28.6457181240226,77.21760511680361,2021-11-22,13:08:07,5
PED-210518-872,Assault,Pedestrian Attack,28.588802908216916,77.25082604120145,2021-05-18,05:59:14,5
TAR-210721-556,Hate Crimes,Targeted Assault,28.62630607742011,77.21934975786375,2021-07-21,23:40:36,5
SEX-210101-950,Sexual Crime,Sexual Harassment,28.593089429495272,77.23091430512999,2021-01-01,00:36:51,3
TOL-211011-954,Fraud,Toll Booth Fraud,28.669607175564693,77.17873982222294,2021-10-11,12:39:52,2
VER-210211-642,Hate Crimes,Verbal Abuse,28.64003091968462,77.24293328194769,2021-02-11,04:02:00,3
BLO-210414-078,Obstruction,Blocking Pedestrian Path,28.66141797269274,77.20968439472156,2021-04-14,12:24:49,1
ACC-211222-926,Hit-and-Run,Accident Fleeing,28.667094724362375,77.19127080917703,2021-12-22,10:37:32,4
PIC-210816-960,Theft,Pickpocketing,28.659165215882307,77.22104192328098,2021-08-16,21:48:29,2
VEH-211105-746,Kidnapping,Vehicle Abduction,28.668680953658125,77.186921094797,2021-11-05,13:24:47,5
SEX-210519-939,Sexual Crime,Sexual Harassment,28.653426642107334,77.22731678316964,2021-05-19,12:02:16,3
BLO-210828-454,Obstruction,Blocking Pedestrian Path,28.63221783580953,77.22613299569042,2021-08-28,13:14:09,1
PED-210111-798,Assault,Pedestrian Attack,28.641201470348925,77.20486528564014,2021-01-11,18:23:42,5
TAR-210109-058,Hate Crimes,Targeted Assault,28.63877140594822,77.17853398235998,2021-01-09,08:53:47,5
SPE-211026-526,Traffic Violation,Speeding,28.590489510333786,77.25210049268713,2021-10-26,07:14:25,2
HIG-210711-925,Kidnapping,Highway Kidnapping,28.641604181289917,77.2147469267987,2021-07-11,03:06:38,5
DRA-210311-667,Illegal Street Racing,Drag Racing,28.64748735594027,77.21342189728104,2021-03-11,17:43:41,3
ROA-210801-517,Assault,Road Rage Incident,28.63581120475575,77.23248594112287,2021-08-01,14:32:47,4
VEH-210305-206,Vandalism,Vehicle Damage,28.66056177579421,77.23807306896695,2021-03-05,03:45:37,2
ACC-211118-340,Hit-and-Run,Accident Fleeing,28.58901080036768,77.2505433649096,2021-11-18,16:51:44,4
DRA-210314-491,Illegal Street Racing,Drag Racing,28.594519335224774,77.22871775609184,2021-03-14,00:20:49,3
VEH-210406-892,Theft,Vehicle Theft,28.669521364415406,77.23183968474902,2021-04-06,19:27:00,4
DRU-211211-602,Traffic Violation,Drunk Driving,28.629064718813517,77.20940753915541,2021-12-11,07:09:39,4
ILL-210117-422,Obstruction,Illegal Vending,28.644846871672534,77.22688109938007,2021-01-17,09:16:50,1
BIK-210121-423,Theft,Bike Theft,28.67536298187426,77.17718833933596,2021-01-21,12:21:20,2
ILL-210408-361,Obstruction,Illegal Vending,28.592160708076527,77.24430425985622,2021-04-08,02:35:07,1
DAN-210604-632,Illegal Street Racing,Dangerous Driving,28.664414310129345,77.21091857279524,2021-06-04,06:28:50,4
DRA-211023-104,Illegal Street Racing,Drag Racing,28.59331090309324,77.21234237128279,2021-10-23,00:49:00,3
ACC-210327-010,Hit-and-Run,Accident Fleeing,28.660536360714076,77.22320338544674,2021-03-27,08:26:10,4
SEX-210510-588,Sexual Crime,Sexual Assault,28.631665763677123,77.21254340504602,2021-05-10,10:00:38,5
INJ-211012-385,Hit-and-Run,Injury Escape,28.644721671377535,77.24086011528767,2021-10-12,17:57:49,5
ROA-210704-373,Vandalism,Road Sign Graffiti,28.663600936734515,77.26930830903524,2021-07-04,18:47:29,1
SEX-210706-477,Sexual Crime,Sexual Assault,28.64582910648597,77.17391002153444,2021-07-06,21:36:42,5
TAR-210309-375,Hate Crimes,Targeted Assault,28.66644324172124,77.2017699658906,2021-03-09,18:45:08,5
ACC-210906-539,Hit-and-Run,Accident Fleeing,28.647443448252968,77.2148833315192,2021-09-06,10:39:10,4
TOL-210425-663,Fraud,Toll Booth Fraud,28.626207672922817,77.23704782007113,2021-04-25,18:24:00,2
PIC-210404-319,Theft,Pickpocketing,28.655863138797304,77.17380915515588,2021-04-04,02:33:48,2
VEH-210405-768,Theft,Vehicle Theft,28.648404756256625,77.19607719219654,2021-04-05,23:19:43,4
TOL-210914-689,Fraud,Toll Booth Fraud,28.629799663522054,77.23254695332538,2021-09-14,12:08:33,2
MUG-210423-147,Robbery,Mugging,28.656771728620747,77.26751973017264,2021-04-23,11:50:05,4
ACC-210523-210,Hit-and-Run,Accident Fleeing,28.675503414071347,77.22661128738783,2021-05-23,13:30:51,4
MUG-210806-743,Robbery,Mugging,28.668881038826882,77.17993869601956,2021-08-06,02:27:19,4
DRA-211111-245,Illegal Street Racing,Drag Racing,28.606240251956777,77.22721566014741,2021-11-11,13:52:46,3
CAR-210622-571,Assault,Carjacking,28.64612927372727,77.20860274830125,2021-06-22,19:44:48,5
TAR-210510-553,Hate Crimes,Targeted Assault,28.659532195537622,77.26654992455427,2021-05-10,01:26:31,5
PIC-211004-587,Theft,Pickpocketing,28.61777412841098,77.19618243905276,2021-10-04,10:15:29,2
BLO-211112-553,Obstruction,Blocking Pedestrian Path,28.667745944483684,77.2663342398233,2021-11-12,23:31:47,1
PED-211018-639,Assault,Pedestrian Attack,28.670799467135986,77.18152771072577,2021-10-18,12:15:13,5
INJ-211203-458,Hit-and-Run,Injury Escape,28.672663988107107,77.25807396724626,2021-12-03,02:41:02,5
ARM-210328-499,Robbery,Armed Robbery,28.60023089390891,77.2043177048002,2021-03-28,08:05:10,5
INS-210820-986,Fraud,Insurance Scam,28.65047341651948,77.21011140214053,2021-08-20,11:27:39,3
PED-210708-194,Assault,Pedestrian Attack,28.66161076694852,77.17304659529587,2021-07-08,16:15:06,5
CAR-210303-174,Assault,Carjacking,28.63961401755529,77.17494095486371,2021-03-03,10:37:29,5
PUB-210220-838,Drug Trafficking,Public Intoxication,28.60341865831653,77.23740529418642,2021-02-20,04:22:15,1
RAP-211005-170,Sexual Crime,Rape,28.591276105648358,77.18696933375253,2021-10-05,07:13:18,5
HIG-211209-259,Kidnapping,Highway Kidnapping,28.665635847878246,77.25652037538293,2021-12-09,04:23:54,5
ARM-211027-145,Robbery,Armed Robbery,28.673475139657597,77.26639169542761,2021-10-27,15:58:46,5
REC-211018-842,Traffic Violation,Reckless Driving,28.67242236598571,77.25855285607759,2021-10-18,01:06:05,3
HUM-210925-235,Drug Trafficking,Human Trafficking,28.640474493407464,77.23938276072406,2021-09-25,05:29:10,5
RAP-211009-770,Sexual Crime,Rape,28.641828341544507,77.18618289598922,2021-10-09,12:33:37,5
VEH-210926-760,Theft,Vehicle Theft,28.67712979843274,77.17846928943213,2021-09-26,07:31:59,4
SEX-210527-294,Sexual Crime,Sexual Assault,28.672159490413122,77.26328365712777,2021-05-27,01:52:29,5
PUB-211110-348,Vandalism,Public Property Destruction,28.64781144866079,77.21502866239298,2021-11-10,09:10:44,3
DAN-211226-899,Illegal Street Racing,Dangerous Driving,28.667839557244086,77.19519371245867,2021-12-26,18:54:31,4
VER-210428-613,Hate Crimes,Verbal Abuse,28.662680279745192,77.21214773024734,2021-04-28,22:59:21,3
VEH-210328-516,Kidnapping,Vehicle Abduction,28.66698498315458,77.201277561862,2021-03-28,07:36:35,5
VEH-210909-587,Kidnapping,Vehicle Abduction,28.6370652130456,77.1832644228053,2021-09-09,08:43:07,5
DRA-210321-391,Illegal Street Racing,Drag Racing,28.65846667004449,77.26235343709112,2021-03-21,01:25:08,3
ARM-210218-304,Robbery,Armed Robbery,28.663202554053175,77.25889890655075,2021-02-18,00:56:38,5
STR-211101-595,Loitering and Harassment,Street Harassment,28.641561560157832,77.17289579679885,2021-11-01,14:09:02,3
VER-211214-890,Hate Crimes,Verbal Abuse,28.65283317325285,77.19109280259183,2021-12-14,00:45:35,3
MUG-210102-742,Robbery,Mugging,28.636827154275892,77.18353093149265,2021-01-02,17:23:41,4
PUB-211009-505,Vandalism,Public Property Destruction,28.63882354302549,77.18687335190361,2021-10-09,16:27:19,3
PAR-210426-738,Robbery,Parking Lot Robbery,28.67489213982618,77.27008827323043,2021-04-26,09:46:25,4
ACC-210910-700,Hit-and-Run,Accident Fleeing,28.649059668528892,77.21304234167842,2021-09-10,10:20:50,4
DAN-210206-464,Illegal Street Racing,Dangerous Driving,28.666781117534097,77.19753714024152,2021-02-06,10:33:34,4
SPE-211128-220,Traffic Violation,Speeding,28.654012285870014,77.21175421716393,2021-11-28,11:53:28,2
DAN-210823-469,Illegal Street Racing,Dangerous Driving,28.660112502139313,77.17826924655638,2021-08-23,08:29:02,4
DRU-210313-009,Traffic Violation,Drunk Driving,28.60326121074571,77.24149330394272,2021-03-13,12:27:07,4
DRA-210108-527,Illegal Street Racing,Drag Racing,28.665085173155013,77.2080331921628,2021-01-08,07:41:36,3
ARM-210315-911,Robbery,Armed Robbery,28.64365944521319,77.20692436144168,2021-03-15,05:18:12,5
ROA-210603-503,Assault,Road Rage Incident,28.641199442275322,77.2145421656066,2021-06-03,09:37:01,4
VEH-210909-180,Theft,Vehicle Theft,28.648937364034346,77.19587800468727,2021-09-09,05:23:12,4
REC-211024-743,Traffic Violation,Reckless Driving,28.669050599244745,77.18630070881572,2021-10-24,16:12:19,3
INS-210202-160,Fraud,Insurance Scam,28.647304859348576,77.23122235936901,2021-02-02,16:06:40,3
DRA-210804-406,Illegal Street Racing,Drag Racing,28.636178792466968,77.21421035957002,2021-08-04,18:49:04,3
PAR-210305-481,Robbery,Parking Lot Robbery,28.6291125829932,77.23148274053712,2021-03-05,19:38:27,4
CAR-210421-813,Assault,Carjacking,28.62956678297242,77.21007700910549,2021-04-21,23:33:21,5
STA-211015-126,Loitering and Harassment,Stalking,28.601927888765804,77.1806808122182,2021-10-15,17:25:22,4
ILL-210124-769,Obstruction,Illegal Vending,28.640999872576387,77.20355555482644,2021-01-24,22:19:56,1
DRA-210323-714,Illegal Street Racing,Drag Racing,28.65301384023518,77.18564071727059,2021-03-23,00:14:19,3
PAR-210109-284,Robbery,Parking Lot Robbery,28.626580410052735,77.215893031517,2021-01-09,14:50:17,4
INJ-210313-170,Hit-and-Run,Injury Escape,28.629406669466814,77.21017974759071,2021-03-13,08:06:54,5
DAN-210120-329,Illegal Street Racing,Dangerous Driving,28.658142483116805,77.23509879641496,2021-01-20,14:25:59,4
VEH-210525-628,Vandalism,Vehicle Damage,28.66315917210588,77.21220951681337,2021-05-25,04:52:14,2
INJ-210619-102,Hit-and-Run,Injury Escape,28.649098089516187,77.18785058256707,2021-06-19,14:29:24,5
ILL-211209-821,Obstruction,Illegal Vending,28.6424355208399,77.18344692006374,2021-12-09,08:58:45,1
INJ-210923-998,Hit-and-Run,Injury Escape,28.67158583959968,77.17731715511646,2021-09-23,07:30:27,5
HIG-210226-841,Kidnapping,Highway Kidnapping,28.647937482621522,77.22420153220583,2021-02-26,22:21:52,5
PAR-211126-198,Robbery,Parking Lot Robbery,28.656971305912904,77.16908363442226,2021-11-26,06:29:14,4
HIG-211224-020,Kidnapping,Highway Kidnapping,28.670656456127254,77.25988013681783,2021-12-24,13:36:07,5
TAR-210920-229,Hate Crimes,Targeted Assault,28.674943494502628,77.20364146439039,2021-09-20,23:04:27,5
HIG-210627-841,Kidnapping,Highway Kidnapping,28.675815975222555,77.18219844570481,2021-06-27,07:59:09,5
PUB-210605-157,Drug Trafficking,Public Intoxication,28.61537392910469,77.22924815928663,2021-06-05,01:55:38,1
INS-210714-997,Fraud,Insurance Scam,28.67268649202124,77.26338517818584,2021-07-14,04:45:24,3
SPE-210128-275,Traffic Violation,Speeding,28.6237776788441,77.21178938752581,2021-01-28,03:30:14,2
TAR-210919-075,Hate Crimes,Targeted Assault,28.602515743312047,77.24109555195602,2021-09-19,04:53:15,5
ARM-210902-794,Robbery,Armed Robbery,28.65316448833512,77.20237670092104,2021-09-02,23:30:58,5
TAR-210110-915,Hate Crimes,Targeted Assault,28.64476961013434,77.17333730390276,2021-01-10,18:34:40,5
HIG-211014-394,Kidnapping,Highway Kidnapping,28.641038727433966,77.20969754271442,2021-10-14,02:22:09,5
DRU-211109-040,Traffic Violation,Drunk Driving,28.66863434840792,77.18719251368921,2021-11-09,22:21:48,4
SEX-210822-435,Sexual Crime,Sexual Harassment,28.655063308048028,77.20585294064573,2021-08-22,02:40:41,3
PED-210926-779,Assault,Pedestrian Attack,28.64351020349229,77.17295648779677,2021-09-26,20:53:59,5
MUG-211120-548,Robbery,Mugging,28.642824570206237,77.2379157315513,2021-11-20,02:57:24,4
MUG-210807-260,Robbery,Mugging,28.60758222330298,77.18894187627399,2021-08-07,05:18:17,4
ROA-210304-699,Assault,Road Rage Incident,28.639633863779203,77.26988621181383,2021-03-04,09:37:51,4
INS-210521-004,Fraud,Insurance Scam,28.630642888460653,77.22883547453687,2021-05-21,16:18:15,3
STA-210605-877,Loitering and Harassment,Stalking,28.668169445999343,77.18575363866707,2021-06-05,08:04:08,4
PUB-210318-283,Drug Trafficking,Public Intoxication,28.65428288532422,77.16875712348075,2021-03-18,10:48:16,1
HIG-211203-429,Kidnapping,Highway Kidnapping,28.657734090291832,77.23451246738142,2021-12-03,02:13:49,5
RAP-210319-005,Sexual Crime,Rape,28.647584245788256,77.17770311328391,2021-03-19,08:45:35,5
TOL-211115-827,Fraud,Toll Booth Fraud,28.667464692739273,77.26507443749074,2021-11-15,23:05:46,2
TOL-210804-868,Fraud,Toll Booth Fraud,28.677520065703725,77.26982103102755,2021-08-04,21:59:12,2
PUB-210602-449,Drug Trafficking,Public Intoxication,28.648120386089424,77.2226562172517,2021-06-02,20:20:57,1
VEH-210202-539,Theft,Vehicle Theft,28.64939533603138,77.18493011364153,2021-02-02,10:36:59,4
TAR-210908-958,Hate Crimes,Targeted Assault,28.65992851329133,77.26046655723727,2021-09-08,05:50:40,5
INJ-210502-279,Hit-and-Run,Injury Escape,28.6390744610222,77.18243277548535,2021-05-02,13:41:09,5
ROA-211028-941,Vandalism,Road Sign Graffiti,28.655434390657355,77.23068358316745,2021-10-28,08:04:18,1
TAR-210314-593,Hate Crimes,Targeted Assault,28.60522328586012,77.21794589775136,2021-03-14,01:29:16,5
PIC-210928-586,Theft,Pickpocketing,28.60303335384178,77.23835689759557,2021-09-28,06:09:14,2
BLO-210608-861,Obstruction,Blocking Pedestrian Path,28.652931494583278,77.21414703653029,2021-06-08,11:42:52,1
ILL-210721-054,Obstruction,Illegal Vending,28.666784557407656,77.26778905664483,2021-07-21,02:03:57,1
PUB-210701-204,Drug Trafficking,Public Intoxication,28.672096710832268,77.18059422413698,2021-07-01,09:19:28,1
MUG-210202-337,Robbery,Mugging,28.650320381710134,77.1945410090212,2021-02-02,00:56:20,4
DRU-211124-436,Traffic Violation,Drunk Driving,28.648693025170857,77.2259682184368,2021-11-24,04:01:19,4
PUB-210211-166,Drug Trafficking,Public Intoxication,28.638307983379757,77.17882390467325,2021-02-11,16:21:58,1
SPE-210310-414,Traffic Violation,Speeding,28.66319944377444,77.1729490160875,2021-03-10,14:27:42,2
VEH-210110-381,Kidnapping,Vehicle Abduction,28.670208242716864,77.17118434945495,2021-01-10,09:12:46,5
VER-210913-460,Hate Crimes,Verbal Abuse,28.596041884047473,77.20729343268277,2021-09-13,00:14:51,3
HIG-210415-762,Kidnapping,Highway Kidnapping,28.637877448120282,77.20805580892241,2021-04-15,06:12:44,5
INS-210807-404,Fraud,Insurance Scam,28.666667518642267,77.25329573930163,2021-08-07,09:29:45,3
VER-210801-776,Hate Crimes,Verbal Abuse,28.63787265489488,77.223443393817,2021-08-01,03:56:07,3
REC-211105-787,Traffic Violation,Reckless Driving,28.637479587751535,77.22304693741538,2021-11-05,19:06:43,3
STA-210517-920,Loitering and Harassment,Stalking,28.6741913185545,77.20930688255318,2021-05-17,16:33:41,4
BIK-210919-531,Theft,Bike Theft,28.645451571352783,77.20152571613747,2021-09-19,11:15:44,2
VER-210901-396,Hate Crimes,Verbal Abuse,28.674801264885115,77.26700898388933,2021-09-01,11:34:58,3
DRU-210325-067,Traffic Violation,Drunk Driving,28.63745053334589,77.17916058415317,2021-03-25,01:17:54,4
STE-210408-281,Theft,Stealing from Vehicle,28.591032518681907,77.21592675081867,2021-04-08,15:19:51,3
BLO-210109-439,Obstruction,Blocking Pedestrian Path,28.631375408449273,77.21488708192486,2021-01-09,22:08:26,1
HIG-210111-723,Kidnapping,Highway Kidnapping,28.62758030799005,77.20070473061753,2021-01-11,19:59:44,5
BLO-210111-126,Obstruction,Blocking Pedestrian Path,28.639409566337093,77.1757178471831,2021-01-11,23:51:19,1
PUB-210124-818,Vandalism,Public Property Destruction,28.59153910216451,77.21038776923895,2021-01-24,22:47:22,3
ARM-210406-069,Robbery,Armed Robbery,28.65799737492525,77.18859269004672,2021-04-06,15:46:24,5
BLO-210801-619,Obstruction,Blocking Pedestrian Path,28.60375154981959,77.24320531716096,2021-08-01,11:03:49,1
ACC-211214-894,Hit-and-Run,Accident Fleeing,28.602318222721806,77.22587106278787,2021-12-14,13:58:37,4
DRA-210805-583,Illegal Street Racing,Drag Racing,28.59151964817388,77.26056826786187,2021-08-05,17:37:44,3
TAR-210227-076,Hate Crimes,Targeted Assault,28.67440297586509,77.17681616218546,2021-02-27,21:00:01,5
ROA-210819-271,Vandalism,Road Sign Graffiti,28.647224496588972,77.24459216314752,2021-08-19,08:35:54,1
SEX-210128-313,Sexual Crime,Sexual Assault,28.60476210724122,77.22872336102762,2021-01-28,11:15:15,5
PIC-210219-588,Theft,Pickpocketing,28.663762826900367,77.19282153683466,2021-02-19,08:06:36,2
ROA-210118-118,Vandalism,Road Sign Graffiti,28.64570595770606,77.18231340454308,2021-01-18,20:17:14,1
VEH-210404-646,Kidnapping,Vehicle Abduction,28.626164338047094,77.21944921394616,2021-04-04,20:53:06,5
HUM-211023-665,Drug Trafficking,Human Trafficking,28.590747200650565,77.25612371117457,2021-10-23,17:23:07,5
BLO-210707-449,Obstruction,Blocking Pedestrian Path,28.63977744224891,77.18313914678988,2021-07-07,18:24:51,1
DRA-210227-423,Illegal Street Racing,Drag Racing,28.643924252820263,77.18705183258189,2021-02-27,00:16:21,3
VER-210127-453,Hate Crimes,Verbal Abuse,28.645988426672737,77.21290636462477,2021-01-27,07:49:13,3
VEH-210824-333,Theft,Vehicle Theft,28.668329618836314,77.1956191911273,2021-08-24,18:15:08,4
ROA-210503-687,Assault,Road Rage Incident,28.664492859200344,77.26316503852418,2021-05-03,07:27:20,4
CAR-210611-259,Assault,Carjacking,28.642787179495844,77.17958775156544,2021-06-11,15:39:18,5
VEH-211212-049,Kidnapping,Vehicle Abduction,28.67207026095475,77.21709346812118,2021-12-12,03:38:36,5
PED-210824-909,Assault,Pedestrian Attack,28.672773815105685,77.17183600722703,2021-08-24,01:27:44,5
STR-211010-430,Loitering and Harassment,Street Harassment,28.641690833777584,77.17946124492371,2021-10-10,14:03:45,3
REC-211025-595,Traffic Violation,Reckless Driving,28.644324448520372,77.2095726118142,2021-10-25,16:39:24,3
TAR-211213-311,Hate Crimes,Targeted Assault,28.665590509509848,77.25694539999519,2021-12-13,23:57:04,5
DRA-210922-402,Illegal Street Racing,Drag Racing,28.67211701299307,77.23134864876516,2021-09-22,08:24:22,3
HUM-210723-384,Drug Trafficking,Human Trafficking,28.589800448273163,77.2507963767727,2021-07-23,01:30:21,5
DRA-210427-877,Illegal Street Racing,Drag Racing,28.648873033814738,77.19327811781423,2021-04-27,03:04:55,3
TOL-210724-486,Fraud,Toll Booth Fraud,28.657838074807554,77.16918970056996,2021-07-24,07:49:00,2
STA-210724-748,Loitering and Harassment,Stalking,28.647967530889726,77.2148386400455,2021-07-24,04:23:55,4
STR-210323-353,Loitering and Harassment,Street Harassment,28.6281984968183,77.22550945938112,2021-03-23,18:19:25,3
ILL-210114-228,Obstruction,Illegal Vending,28.672542082590084,77.26409062752128,2021-01-14,03:45:28,1
INJ-210714-436,Hit-and-Run,Injury Escape,28.63325613856948,77.21284167105844,2021-07-14,00:36:42,5
MUG-211111-427,Robbery,Mugging,28.662995420252177,77.26352740692091,2021-11-11,10:49:47,4
VEH-210521-577,Kidnapping,Vehicle Abduction,28.654133793186173,77.20723655637221,2021-05-21,03:25:06,5
PUB-210412-692,Drug Trafficking,Public Intoxication,28.66721478882484,77.18884659958044,2021-04-12,19:41:15,1
VEH-210319-734,Kidnapping,Vehicle Abduction,28.665370496730233,77.26877419765073,2021-03-19,15:13:52,5
PAR-210805-279,Robbery,Parking Lot Robbery,28.659944253852775,77.2656629010626,2021-08-05,06:21:29,4
STR-210124-120,Loitering and Harassment,Street Harassment,28.59098772631922,77.25555004481835,2021-01-24,10:47:06,3
HUM-211116-507,Drug Trafficking,Human Trafficking,28.60802206199957,77.23189121884843,2021-11-16,20:55:47,5
REC-210918-318,Traffic Violation,Reckless Driving,28.677136414966213,77.17913649749175,2021-09-18,13:42:48,3
BLO-211210-010,Obstruction,Blocking Pedestrian Path,28.677322716061596,77.26342685648068,2021-12-10,15:09:50,1
VER-210514-001,Assault,Verbal Altercation,28.611924681149013,77.25120760808112,2021-05-14,16:03:31,2
AGG-210912-815,Loitering and Harassment,Aggressive Panhandling,28.639710177934877,77.20436450232968,2021-09-12,11:00:46,2
HIG-210526-719,Kidnapping,Highway Kidnapping,28.652297676579543,77.18935206388369,2021-05-26,03:20:48,5
TAR-210812-277,Hate Crimes,Targeted Assault,28.662218019463026,77.26618612653873,2021-08-12,12:24:55,5
ACC-210713-325,Hit-and-Run,Accident Fleeing,28.661175000088015,77.21166086195274,2021-07-13,07:54:46,4
PUB-211013-456,Drug Trafficking,Public Intoxication,28.661376446820995,77.2198324096422,2021-10-13,06:45:11,1
TAR-211220-079,Hate Crimes,Targeted Assault,28.591444225352898,77.18893033742067,2021-12-20,08:26:58,5
PAR-210302-261,Robbery,Parking Lot Robbery,28.676672268774055,77.26877401383919,2021-03-02,01:09:42,4
VER-210816-271,Assault,Verbal Altercation,28.633906618803017,77.202491346813,2021-08-16,13:44:20,2
BIK-211101-219,Theft,Bike Theft,28.674638252835848,77.20388322342811,2021-11-01,01:44:34,2
DRA-210326-747,Illegal Street Racing,Drag Racing,28.6033418090669,77.19592190695427,2021-03-26,11:53:32,3
TAR-210408-871,Hate Crimes,Targeted Assault,28.645245577895242,77.22359795947384,2021-04-08,14:25:32,5
DAN-210114-586,Illegal Street Racing,Dangerous Driving,28.6719756382959,77.26924493248367,2021-01-14,16:32:13,4
DRU-211019-245,Traffic Violation,Drunk Driving,28.598762915081643,77.18759124129649,2021-10-19,19:25:55,4
HUM-210525-819,Drug Trafficking,Human Trafficking,28.676139561793022,77.17898267295783,2021-05-25,08:00:57,5
CAR-210415-153,Assault,Carjacking,28.615242569075782,77.23320279249732,2021-04-15,19:25:01,5
STA-210410-027,Loitering and Harassment,Stalking,28.67258612949131,77.16909037024791,2021-04-10,05:27:54,4
TAR-210609-689,Hate Crimes,Targeted Assault,28.62523038006625,77.20978074498933,2021-06-09,06:02:33,5
BIK-210423-975,Theft,Bike Theft,28.6759939722822,77.20865043425883,2021-04-23,07:14:03,2
CAR-211011-120,Assault,Carjacking,28.650628295664106,77.24469620310578,2021-10-11,00:15:49,5
SEX-210917-197,Sexual Crime,Sexual Assault,28.663331125477313,77.1960045540078,2021-09-17,11:52:16,5
STR-210304-074,Loitering and Harassment,Street Harassment,28.66984133652281,77.19550111343533,2021-03-04,07:19:27,3
PUB-210607-559,Vandalism,Public Property Destruction,28.65862303146834,77.20003710751573,2021-06-07,22:35:43,3
BLO-211209-574,Obstruction,Blocking Pedestrian Path,28.661629063680707,77.17553071763889,2021-12-09,23:19:00,1
STA-210328-103,Loitering and Harassment,Stalking,28.654885146634772,77.18005428358391,2021-03-28,15:54:15,4
RAP-210805-390,Sexual Crime,Rape,28.644779602433914,77.18704504731676,2021-08-05,20:03:39,5
ROA-210702-322,Assault,Road Rage Incident,28.64806675128794,77.19322318672805,2021-07-02,06:13:31,4
SEX-210815-799,Sexual Crime,Sexual Assault,28.67014148873681,77.18422987694554,2021-08-15,11:38:59,5
SEX-211023-214,Sexual Crime,Sexual Assault,28.64586343115266,77.21338385549032,2021-10-23,01:49:25,5
TAR-210726-550,Hate Crimes,Targeted Assault,28.625632416814305,77.23489872903569,2021-07-26,19:40:56,5
PUB-210120-427,Drug Trafficking,Public Intoxication,28.614543980114895,77.20881227174611,2021-01-20,15:02:19,1
VER-210611-057,Hate Crimes,Verbal Abuse,28.63083888291686,77.17559339898659,2021-06-11,21:41:43,3
DAN-210618-587,Illegal Street Racing,Dangerous Driving,28.657826394362964,77.19775026110105,2021-06-18,02:56:19,4
RAP-210414-297,Sexual Crime,Rape,28.602173751926617,77.22710351897462,2021-04-14,12:10:18,5
VER-211216-259,Assault,Verbal Altercation,28.664776549936935,77.18489007266967,2021-12-16,01:19:45,2
ROA-210410-419,Assault,Road Rage Incident,28.659908418203745,77.21821538183264,2021-04-10,03:39:14,4
DRU-210715-648,Traffic Violation,Drunk Driving,28.650920244697282,77.22463018187506,2021-07-15,13:21:45,4
RAP-210325-316,Sexual Crime,Rape,28.66690257755673,77.195405940217,2021-03-25,09:27:21,5
STA-211120-735,Loitering and Harassment,Stalking,28.654459726067625,77.23478735290631,2021-11-20,02:00:40,4
REC-211219-512,Traffic Violation,Reckless Driving,28.658763482934532,77.26292518332447,2021-12-19,08:52:26,3
BIK-211112-671,Theft,Bike Theft,28.674781771214096,77.18461793246802,2021-11-12,05:45:59,2
VER-210314-398,Hate Crimes,Verbal Abuse,28.674356158695396,77.17563081789122,2021-03-14,21:26:06,3
DRU-210312-737,Traffic Violation,Drunk Driving,28.648502039812012,77.19910079568645,2021-03-12,08:50:52,4
TAR-210621-481,Hate Crimes,Targeted Assault,28.674707378660973,77.26514100612245,2021-06-21,14:19:31,5
SEX-210122-261,Sexual Crime,Sexual Assault,28.60246043198035,77.21657442076798,2021-01-22,15:43:03,5
DAN-211011-876,Illegal Street Racing,Dangerous Driving,28.62293736901284,77.22974886632996,2021-10-11,22:30:18,4
BLO-210816-306,Obstruction,Blocking Pedestrian Path,28.650133801106012,77.20021662118931,2021-08-16,02:10:11,1
STA-210917-516,Loitering and Harassment,Stalking,28.591117923048756,77.21268348756305,2021-09-17,10:04:12,4
BLO-211110-964,Obstruction,Blocking Pedestrian Path,28.640823012676748,77.17912836629594,2021-11-10,20:46:34,1
BLO-210517-733,Obstruction,Blocking Pedestrian Path,28.59048899495406,77.25052894160068,2021-05-17,09:11:00,1
ACC-210310-213,Hit-and-Run,Accident Fleeing,28.64915182993895,77.18681061131372,2021-03-10,09:48:49,4
STR-210720-470,Loitering and Harassment,Street Harassment,28.644650965404672,77.17369986203154,2021-07-20,09:18:18,3
VEH-210126-020,Vandalism,Vehicle Damage,28.59825780003435,77.17613496983566,2021-01-26,10:27:07,2
TOL-210528-449,Fraud,Toll Booth Fraud,28.634434251550136,77.18004598470235,2021-05-28,21:51:46,2
REC-211204-451,Traffic Violation,Reckless Driving,28.647893327771584,77.18695191084427,2021-12-04,19:27:36,3
VER-210617-154,Assault,Verbal Altercation,28.66411324575249,77.25835563169436,2021-06-17,06:13:05,2
VER-210821-148,Hate Crimes,Verbal Abuse,28.65747975485121,77.20809426052175,2021-08-21,13:27:10,3
TAR-210216-141,Hate Crimes,Targeted Assault,28.598347226254596,77.2008126270928,2021-02-16,08:48:50,5
MUG-211203-316,Robbery,Mugging,28.658406606727883,77.26584973856663,2021-12-03,17:45:24,4
REC-210321-155,Traffic Violation,Reckless Driving,28.671335906867064,77.26782512302591,2021-03-21,00:03:42,3
ACC-210310-532,Hit-and-Run,Accident Fleeing,28.656053345435662,77.21165228615737,2021-03-10,08:20:22,4
SPE-210714-842,Traffic Violation,Speeding,28.652296690134982,77.17973860919079,2021-07-14,11:56:42,2
ACC-211026-531,Hit-and-Run,Accident Fleeing,28.647290251987382,77.19198436739322,2021-10-26,13:46:15,4
HIG-210219-377,Kidnapping,Highway Kidnapping,28.653226623051385,77.23090455062055,2021-02-19,10:31:13,5
TAR-210310-871,Hate Crimes,Targeted Assault,28.65703811094594,77.20281603528085,2021-03-10,04:33:20,5
PUB-210226-070,Drug Trafficking,Public Intoxication,28.66126305108571,77.18598450360872,2021-02-26,12:39:21,1
TAR-210502-142,Hate Crimes,Targeted Assault,28.590331296268296,77.25161954945644,2021-05-02,07:36:20,5
ARM-210123-923,Robbery,Armed Robbery,28.646102652210566,77.17694480512644,2021-01-23,18:57:53,5
RAP-211204-056,Sexual Crime,Rape,28.66097310188608,77.17820046839363,2021-12-04,22:41:48,5
HUM-211127-548,Drug Trafficking,Human Trafficking,28.633301915834398,77.18212512926034,2021-11-27,06:57:01,5
HIG-211025-750,Kidnapping,Highway Kidnapping,28.656086957377628,77.21063937620201,2021-10-25,08:55:06,5
VER-210428-795,Hate Crimes,Verbal Abuse,28.601506168848474,77.23218740866699,2021-04-28,06:37:23,3
RAP-210516-783,Sexual Crime,Rape,28.621048001537932,77.21455458145465,2021-05-16,12:17:21,5
INS-211127-684,Fraud,Insurance Scam,28.643280934843222,77.1901503898449,2021-11-27,04:57:41,3
BLO-211114-536,Obstruction,Blocking Pedestrian Path,28.657057835871058,77.21186316738688,2021-11-14,22:19:56,1
DRA-210615-752,Illegal Street Racing,Drag Racing,28.660963240229673,77.18166843322392,2021-06-15,05:48:40,3
RAP-210927-875,Sexual Crime,Rape,28.65211971128339,77.18677495870278,2021-09-27,02:58:14,5
HIG-210327-007,Kidnapping,Highway Kidnapping,28.666749074445573,77.20904122840248,2021-03-27,09:57:58,5
PUB-211023-694,Drug Trafficking,Public Intoxication,28.600619258982928,77.24318120474796,2021-10-23,19:46:24,1
STA-211103-572,Loitering and Harassment,Stalking,28.633054283520355,77.20639538041242,2021-11-03,08:49:19,4
VER-210228-444,Hate Crimes,Verbal Abuse,28.60219907225489,77.23767970079598,2021-02-28,04:28:29,3
PUB-210105-316,Vandalism,Public Property Destruction,28.64004854940218,77.2401068952716,2021-01-05,18:32:31,3
REC-210106-020,Traffic Violation,Reckless Driving,28.601492699383066,77.19275706737533,2021-01-06,15:21:07,3
DAN-210908-826,Illegal Street Racing,Dangerous Driving,28.656779067972508,77.2675655954076,2021-09-08,17:59:43,4
HIG-211018-613,Kidnapping,Highway Kidnapping,28.637965200229655,77.18431022898622,2021-10-18,07:42:02,5
SPE-211126-769,Traffic Violation,Speeding,28.644592889463695,77.20158578995972,2021-11-26,10:58:58,2
INS-210102-319,Fraud,Insurance Scam,28.671197816250608,77.17492879779162,2021-01-02,06:23:14,3
ROA-211107-076,Vandalism,Road Sign Graffiti,28.660313008542346,77.20004414022125,2021-11-07,04:12:57,1
INS-211012-397,Fraud,Insurance Scam,28.65922787176559,77.21057321534558,2021-10-12,09:22:16,3
RAP-210122-444,Sexual Crime,Rape,28.64694686568382,77.23626486419035,2021-01-22,10:38:35,5
ILL-210519-854,Obstruction,Illegal Vending,28.665690174774152,77.25662807955013,2021-05-19,06:25:50,1
REC-211115-759,Traffic Violation,Reckless Driving,28.64285131214261,77.2043651065685,2021-11-15,01:43:15,3
INS-211006-336,Fraud,Insurance Scam,28.665201603576474,77.19446546447669,2021-10-06,07:10:51,3
AGG-211110-757,Loitering and Harassment,Aggressive Panhandling,28.63695838826075,77.2077767944203,2021-11-10,23:22:27,2
ROA-210621-888,Vandalism,Road Sign Graffiti,28.653743501510267,77.17951441769225,2021-06-21,18:35:44,1
HIG-211028-416,Kidnapping,Highway Kidnapping,28.65484370365086,77.2124267933059,2021-10-28,13:36:59,5
STA-210214-722,Loitering and Harassment,Stalking,28.67450249715124,77.22558795974712,2021-02-14,08:34:08,4
VER-210809-946,Hate Crimes,Verbal Abuse,28.65360518846762,77.22447632805469,2021-08-09,17:29:46,3
VER-210410-920,Hate Crimes,Verbal Abuse,28.597007901025023,77.23083524734741,2021-04-10,07:50:36,3
HIG-211122-547,Kidnapping,Highway Kidnapping,28.645896168543704,77.18699955988531,2021-11-22,05:13:23,5
SPE-210220-914,Traffic Violation,Speeding,28.675080110273633,77.1781153476007,2021-02-20,15:46:37,2
STA-210121-097,Loitering and Harassment,Stalking,28.651399569255595,77.22233232256346,2021-01-21,16:03:36,4
DRU-210311-075,Traffic Violation,Drunk Driving,28.653534021694504,77.22641845872653,2021-03-11,09:41:11,4
TOL-210307-084,Fraud,Toll Booth Fraud,28.58873268652026,77.24684517469456,2021-03-07,22:47:58,2
ILL-211108-318,Obstruction,Illegal Vending,28.665151531214626,77.2203937823603,2021-11-08,19:32:47,1
ROA-210814-155,Vandalism,Road Sign Graffiti,28.65430779542913,77.18549704407978,2021-08-14,04:15:38,1
VER-210416-853,Hate Crimes,Verbal Abuse,28.63577553075648,77.17989860736215,2021-04-16,17:20:31,3
CAR-211028-297,Assault,Carjacking,28.670885345955384,77.23402810972951,2021-10-28,08:24:42,5
BIK-210421-207,Theft,Bike Theft,28.65393902034813,77.2111885546709,2021-04-21,21:20:41,2
HIG-210427-315,Kidnapping,Highway Kidnapping,28.654209181509692,77.22733416148026,2021-04-27,12:20:58,5
TAR-210304-749,Hate Crimes,Targeted Assault,28.646280517554764,77.1961752205768,2021-03-04,03:35:44,5
BIK-211217-748,Theft,Bike Theft,28.673370285139036,77.1805726427045,2021-12-17,16:03:39,2
AGG-211026-871,Loitering and Harassment,Aggressive Panhandling,28.590868393456336,77.25076503017222,2021-10-26,04:14:45,2
PUB-210921-444,Drug Trafficking,Public Intoxication,28.64795339401634,77.21297072184706,2021-09-21,03:39:59,1
REC-211125-792,Traffic Violation,Reckless Driving,28.673376229085807,77.17465913097514,2021-11-25,18:17:57,3
SEX-210810-133,Sexual Crime,Sexual Harassment,28.676136634845147,77.26862363964186,2021-08-10,00:45:58,3
HIG-210223-762,Kidnapping,Highway Kidnapping,28.670817892866136,77.26139410869891,2021-02-23,18:16:26,5
BLO-210426-381,Obstruction,Blocking Pedestrian Path,28.58834079630164,77.25058966216876,2021-04-26,00:01:20,1
DRU-210716-992,Traffic Violation,Drunk Driving,28.671830420391256,77.20601632829006,2021-07-16,16:57:17,4
INS-210117-438,Fraud,Insurance Scam,28.614734957097934,77.17562364547975,2021-01-17,10:44:43,3
INS-210516-561,Fraud,Insurance Scam,28.635792197452723,77.18582419755248,2021-05-16,21:34:16,3
VEH-211018-758,Kidnapping,Vehicle Abduction,28.6487843648945,77.21209346820604,2021-10-18,04:23:18,5
VEH-210504-651,Theft,Vehicle Theft,28.67265606845753,77.17366495642526,2021-05-04,17:31:15,4
TAR-210509-691,Hate Crimes,Targeted Assault,28.636473869147224,77.17801906726571,2021-05-09,23:14:58,5
DAN-210317-102,Illegal Street Racing,Dangerous Driving,28.606003249608086,77.23665988057714,2021-03-17,19:26:54,4
DRA-210103-358,Illegal Street Racing,Drag Racing,28.588933002317948,77.2480066027753,2021-01-03,16:07:21,3
BIK-210909-929,Theft,Bike Theft,28.601744945773547,77.22558244496557,2021-09-09,23:09:31,2
ARM-211220-350,Robbery,Armed Robbery,28.64669625142359,77.21792144015623,2021-12-20,11:11:01,5
STR-210426-878,Loitering and Harassment,Street Harassment,28.66498979660424,77.18620644786535,2021-04-26,23:06:18,3
VEH-210309-802,Kidnapping,Vehicle Abduction,28.67426061727022,77.17559052182303,2021-03-09,01:40:55,5
DRA-210521-933,Illegal Street Racing,Drag Racing,28.63222950232937,77.22681668585943,2021-05-21,01:54:17,3
STE-210708-721,Theft,Stealing from Vehicle,28.589884937647724,77.2473624024022,2021-07-08,15:43:27,3
VEH-210708-745,Vandalism,Vehicle Damage,28.658405873087176,77.2030142819105,2021-07-08,13:40:45,2
PUB-211208-426,Drug Trafficking,Public Intoxication,28.599807979210052,77.24265979095026,2021-12-08,08:45:09,1
PIC-210519-148,Theft,Pickpocketing,28.640081863399722,77.18108109733845,2021-05-19,13:22:21,2
REC-211118-882,Traffic Violation,Reckless Driving,28.66773440390464,77.26333448640277,2021-11-18,11:34:42,3
DRU-210104-100,Traffic Violation,Drunk Driving,28.65892149709138,77.17201128775184,2021-01-04,00:17:24,4
ILL-211121-010,Obstruction,Illegal Vending,28.666124408067187,77.2014998091128,2021-11-21,07:51:18,1
ARM-210607-852,Robbery,Armed Robbery,28.659685214306943,77.21213891939652,2021-06-07,10:42:23,5
DRA-210419-298,Illegal Street Racing,Drag Racing,28.635324103645765,77.17944255945447,2021-04-19,15:26:54,3
ROA-210315-854,Assault,Road Rage Incident,28.66248974387319,77.26820047053432,2021-03-15,06:20:05,4
STE-210507-962,Theft,Stealing from Vehicle,28.62782322545424,77.22378829821706,2021-05-07,13:01:38,3
ROA-210407-333,Vandalism,Road Sign Graffiti,28.664071061748302,77.25975623123858,2021-04-07,19:30:23,1
ROA-210402-614,Assault,Road Rage Incident,28.665936482531134,77.18754290494597,2021-04-02,15:28:30,4
TOL-210905-111,Fraud,Toll Booth Fraud,28.59057917638671,77.25559709908566,2021-09-05,23:45:49,2
ROA-210711-245,Assault,Road Rage Incident,28.661916553263147,77.23923390296513,2021-07-11,18:23:13,4
VEH-210203-465,Theft,Vehicle Theft,28.655586577946416,77.18500520116669,2021-02-03,23:05:06,4
AGG-210821-001,Loitering and Harassment,Aggressive Panhandling,28.65129087174747,77.18337681405075,2021-08-21,11:59:51,2
REC-210213-089,Traffic Violation,Reckless Driving,28.667968569110606,77.186576416251,2021-02-13,21:35:48,3
SEX-210719-859,Sexual Crime,Sexual Harassment,28.670464363441113,77.17064899385736,2021-07-19,23:40:40,3
ACC-211008-307,Hit-and-Run,Accident Fleeing,28.66434373791317,77.26262877315341,2021-10-08,04:01:16,4
DRU-210728-922,Traffic Violation,Drunk Driving,28.626592706036746,77.19516072657667,2021-07-28,23:22:46,4
DAN-210512-462,Illegal Street Racing,Dangerous Driving,28.665227315316358,77.20002248018672,2021-05-12,03:45:31,4
DAN-210418-137,Illegal Street Racing,Dangerous Driving,28.60345754137271,77.18615437366837,2021-04-18,05:08:22,4
VEH-211017-774,Kidnapping,Vehicle Abduction,28.643566626133826,77.1850542490308,2021-10-17,12:20:48,5
ACC-210223-322,Hit-and-Run,Accident Fleeing,28.64782988894618,77.21177687894217,2021-02-23,08:14:25,4
STA-211009-868,Loitering and Harassment,Stalking,28.650123115603257,77.18504912051799,2021-10-09,23:56:47,4
STA-210627-976,Loitering and Harassment,Stalking,28.661593401428934,77.26489083699418,2021-06-27,09:05:07,4
STE-210324-156,Theft,Stealing from Vehicle,28.654345737653827,77.1893162058942,2021-03-24,09:38:39,3
SEX-210424-950,Sexual Crime,Sexual Assault,28.65103528443152,77.16811251910977,2021-04-24,17:54:43,5
ILL-210520-646,Obstruction,Illegal Vending,28.67495392488924,77.20687207091767,2021-05-20,14:11:20,1
BLO-210126-736,Obstruction,Blocking Pedestrian Path,28.640412804274906,77.20373982943498,2021-01-26,02:18:59,1
BIK-210909-100,Theft,Bike Theft,28.65515285464176,77.18638286018995,2021-09-09,08:01:34,2
HUM-210615-951,Drug Trafficking,Human Trafficking,28.640032741716517,77.24010856825167,2021-06-15,07:07:02,5
INJ-210825-335,Hit-and-Run,Injury Escape,28.60771469982035,77.21793006900779,2021-08-25,14:00:37,5
TOL-211124-840,Fraud,Toll Booth Fraud,28.650130925278734,77.22580595193422,2021-11-24,17:51:11,2
INS-210628-310,Fraud,Insurance Scam,28.61497691992578,77.24011784048176,2021-06-28,05:53:27,3
DRA-210313-552,Illegal Street Racing,Drag Racing,28.598994362738015,77.22594739288786,2021-03-13,14:12:06,3
DRA-210313-543,Illegal Street Racing,Drag Racing,28.643321558050847,77.18617524754319,2021-03-13,20:54:40,3
CAR-210928-526,Assault,Carjacking,28.60602588112317,77.2324349413666,2021-09-28,23:17:28,5
AGG-210828-834,Loitering and Harassment,Aggressive Panhandling,28.6625171371109,77.18379744368956,2021-08-28,01:32:15,2
BLO-210907-151,Obstruction,Blocking Pedestrian Path,28.653219542882198,77.18752093548363,2021-09-07,03:25:13,1
DRA-210726-798,Illegal Street Racing,Drag Racing,28.663081936631933,77.1719656462109,2021-07-26,21:00:18,3
VEH-211106-279,Kidnapping,Vehicle Abduction,28.663371560282744,77.2691698843927,2021-11-06,06:28:39,5
TAR-210623-649,Hate Crimes,Targeted Assault,28.666901035182804,77.20214260274446,2021-06-23,00:49:35,5
PIC-210205-775,Theft,Pickpocketing,28.626375695225704,77.2064158124041,2021-02-05,13:45:39,2
TAR-210904-083,Hate Crimes,Targeted Assault,28.658825653347073,77.19976815141351,2021-09-04,02:25:18,5
SPE-211107-446,Traffic Violation,Speeding,28.647445191888398,77.19710424761779,2021-11-07,12:12:26,2
STE-210521-317,Theft,Stealing from Vehicle,28.589379440824196,77.24699865121501,2021-05-21,23:51:12,3
RAP-211114-254,Sexual Crime,Rape,28.65525175002934,77.20474519376555,2021-11-14,14:00:16,5
TAR-211028-826,Hate Crimes,Targeted Assault,28.66531015894849,77.25740335549854,2021-10-28,18:18:19,5
PED-210520-275,Assault,Pedestrian Attack,28.664370952611687,77.22187361784697,2021-05-20,00:22:17,5
SEX-210826-550,Sexual Crime,Sexual Harassment,28.645476263957494,77.22355031681306,2021-08-26,08:39:34,3
VEH-210305-522,Kidnapping,Vehicle Abduction,28.64780696705262,77.18688572099701,2021-03-05,05:59:35,5
PUB-210517-516,Vandalism,Public Property Destruction,28.623841780172548,77.22486982353367,2021-05-17,06:08:43,3
DRA-210708-010,Illegal Street Racing,Drag Racing,28.667468041219415,77.26481876254003,2021-07-08,00:07:04,3
VER-210502-314,Assault,Verbal Altercation,28.594106663333605,77.17250493114236,2021-05-02,04:34:36,2
ACC-210405-321,Hit-and-Run,Accident Fleeing,28.593525300268418,77.21015709889424,2021-04-05,08:50:03,4
REC-211026-667,Traffic Violation,Reckless Driving,28.623837709333063,77.18038436342142,2021-10-26,05:32:50,3
VEH-211101-457,Kidnapping,Vehicle Abduction,28.66115219128884,77.26382064501009,2021-11-01,01:37:13,5
SEX-210921-670,Sexual Crime,Sexual Assault,28.666586370364016,77.26692884893043,2021-09-21,16:29:58,5
MUG-210202-084,Robbery,Mugging,28.641936214594132,77.2357032106522,2021-02-02,20:25:10,4
REC-210225-753,Traffic Violation,Reckless Driving,28.67278688387867,77.16816997044931,2021-02-25,12:20:40,3
ILL-210811-381,Obstruction,Illegal Vending,28.655837150512397,77.21183505777073,2021-08-11,19:36:40,1
PUB-210607-283,Vandalism,Public Property Destruction,28.652177234590017,77.18406836298996,2021-06-07,09:02:05,3
STA-210205-595,Loitering and Harassment,Stalking,28.65054761914493,77.19055745155615,2021-02-05,15:11:06,4
TAR-210427-229,Hate Crimes,Targeted Assault,28.620913702588503,77.23519796478948,2021-04-27,13:26:25,5
BIK-211117-650,Theft,Bike Theft,28.675416967185292,77.18372038876599,2021-11-17,14:31:53,2
BIK-210617-280,Theft,Bike Theft,28.636102076926754,77.22204242297765,2021-06-17,17:20:48,2
TOL-210313-647,Fraud,Toll Booth Fraud,28.627318473018498,77.23514757788818,2021-03-13,22:19:02,2
STR-211125-987,Loitering and Harassment,Street Harassment,28.640125978015043,77.17548250771225,2021-11-25,00:12:36,3
DRA-210502-002,Illegal Street Racing,Drag Racing,28.648050050380316,77.19522422793322,2021-05-02,05:47:12,3
RAP-210809-641,Sexual Crime,Rape,28.598218858887105,77.18817726946925,2021-08-09,15:55:38,5
INS-211010-130,Fraud,Insurance Scam,28.623306638037292,77.2092599859524,2021-10-10,18:43:12,3
SPE-210708-635,Traffic Violation,Speeding,28.619227310446863,77.23373226066424,2021-07-08,11:11:57,2
DAN-210527-362,Illegal Street Racing,Dangerous Driving,28.606307613982327,77.23872270880598,2021-05-27,20:47:28,4
TAR-210813-166,Hate Crimes,Targeted Assault,28.64032674167346,77.17927520243329,2021-08-13,22:48:17,5
PUB-210122-597,Vandalism,Public Property Destruction,28.64294907658012,77.18074899860204,2021-01-22,20:48:23,3
PUB-211216-779,Drug Trafficking,Public Intoxication,28.59392035640028,77.2603628,2021-12-16,19:08:25,1
VER-211008-115,Hate Crimes,Verbal Abuse,28.663603096324973,77.26925201793365,2021-10-08,19:27:11,3
VER-210904-692,Hate Crimes,Verbal Abuse,28.65032199326145,77.22416533390188,2021-09-04,02:01:51,3
DAN-210604-974,Illegal Street Racing,Dangerous Driving,28.62250231063217,77.19958886592356,2021-06-04,11:08:06,4
SEX-210615-518,Sexual Crime,Sexual Harassment,28.66392457540227,77.26154479824092,2021-06-15,03:26:08,3
ARM-210504-468,Robbery,Armed Robbery,28.60298780490112,77.23064425022542,2021-05-04,06:16:25,5
SPE-210723-288,Traffic Violation,Speeding,28.66419599368523,77.25634942571853,2021-07-23,22:10:48,2
ARM-210328-169,Robbery,Armed Robbery,28.637927862027617,77.17973488393906,2021-03-28,16:51:56,5
PUB-211012-395,Drug Trafficking,Public Intoxication,28.649379696360544,77.1893800903347,2021-10-12,23:19:45,1
TAR-210709-628,Hate Crimes,Targeted Assault,28.6582365966713,77.19223233624777,2021-07-09,19:21:27,5
MUG-210804-833,Robbery,Mugging,28.6743101316549,77.25763219661746,2021-08-04,09:23:26,4
PAR-210215-664,Robbery,Parking Lot Robbery,28.639569565569545,77.1840503334179,2021-02-15,07:07:12,4
ARM-210303-203,Robbery,Armed Robbery,28.65805938766259,77.2650815591738,2021-03-03,12:35:54,5
BLO-210804-977,Obstruction,Blocking Pedestrian Path,28.6759174695293,77.20507228681626,2021-08-04,01:49:29,1
INS-210616-993,Fraud,Insurance Scam,28.638480826426072,77.18242859392704,2021-06-16,17:15:53,3
ROA-210802-999,Vandalism,Road Sign Graffiti,28.589383147279346,77.25232326741346,2021-08-02,18:20:13,1
STE-210628-164,Theft,Stealing from Vehicle,28.648902312252257,77.19456311753088,2021-06-28,20:15:53,3
BIK-210213-044,Theft,Bike Theft,28.67267948619455,77.26512766067654,2021-02-13,16:41:37,2
VEH-210808-935,Kidnapping,Vehicle Abduction,28.654751278573865,77.20018902358662,2021-08-08,04:58:22,5
STE-210309-599,Theft,Stealing from Vehicle,28.656212400448027,77.21096940233035,2021-03-09,17:44:42,3
VEH-211214-207,Kidnapping,Vehicle Abduction,28.672697388138143,77.17219100004208,2021-12-14,06:40:46,5
MUG-210803-750,Robbery,Mugging,28.662048089921246,77.2210027980988,2021-08-03,22:57:39,4
HIG-211216-372,Kidnapping,Highway Kidnapping,28.64574572319809,77.17522701361095,2021-12-16,09:32:06,5
VEH-210118-201,Vandalism,Vehicle Damage,28.628910005873408,77.20905888375573,2021-01-18,18:37:37,2
BLO-211207-158,Obstruction,Blocking Pedestrian Path,28.6776397066339,77.18868121918977,2021-12-07,19:18:37,1
DRA-210620-473,Illegal Street Racing,Drag Racing,28.67674825920784,77.1783209582705,2021-06-20,13:26:14,3
INS-211104-690,Fraud,Insurance Scam,28.632262203438273,77.17818161327811,2021-11-04,08:19:45,3
TOL-210809-935,Fraud,Toll Booth Fraud,28.63510624172042,77.20977282490179,2021-08-09,04:04:07,2
AGG-210423-828,Loitering and Harassment,Aggressive Panhandling,28.66599403388502,77.22838264802019,2021-04-23,09:57:24,2
PAR-210901-824,Robbery,Parking Lot Robbery,28.640825530645653,77.17983685644,2021-09-01,22:47:37,4
STA-210110-159,Loitering and Harassment,Stalking,28.619194648438793,77.23693770160305,2021-01-10,07:04:32,4
ACC-210507-400,Hit-and-Run,Accident Fleeing,28.670758904952113,77.25803128371591,2021-05-07,13:29:00,4
VEH-210919-827,Theft,Vehicle Theft,28.647647368112597,77.19729801131865,2021-09-19,03:04:23,4
CAR-211206-108,Assault,Carjacking,28.648108669168238,77.24248252327808,2021-12-06,04:21:19,5
DAN-211228-396,Illegal Street Racing,Dangerous Driving,28.631038676388847,77.23536770118119,2021-12-28,04:05:45,4
SEX-210408-262,Sexual Crime,Sexual Harassment,28.666586963079897,77.18547299593934,2021-04-08,11:28:03,3
ACC-210208-559,Hit-and-Run,Accident Fleeing,28.660594689501476,77.26238844209021,2021-02-08,07:11:48,4
PUB-211121-154,Drug Trafficking,Public Intoxication,28.676453572537717,77.18478960386138,2021-11-21,00:34:04,1
TAR-210719-386,Hate Crimes,Targeted Assault,28.63477128601423,77.20518252221854,2021-07-19,10:52:12,5
TOL-210214-454,Fraud,Toll Booth Fraud,28.65065885321335,77.19254550248048,2021-02-14,06:52:43,2
PUB-210503-960,Drug Trafficking,Public Intoxication,28.59368593695096,77.18869762449421,2021-05-03,07:07:17,1
TAR-211119-219,Hate Crimes,Targeted Assault,28.624219686921816,77.20016216872214,2021-11-19,07:07:28,5
DAN-210218-204,Illegal Street Racing,Dangerous Driving,28.642519868295064,77.23135480960153,2021-02-18,17:33:40,4
VER-210913-747,Hate Crimes,Verbal Abuse,28.66906627592044,77.2014700268555,2021-09-13,15:51:21,3
ACC-210501-728,Hit-and-Run,Accident Fleeing,28.60198712153157,77.24021454354666,2021-05-01,16:07:01,4
STE-210723-986,Theft,Stealing from Vehicle,28.664749097871432,77.26736849091952,2021-07-23,07:06:19,3
HUM-211222-781,Drug Trafficking,Human Trafficking,28.661827806129136,77.21354618997161,2021-12-22,23:19:28,5
BIK-211108-777,Theft,Bike Theft,28.630470862561314,77.17683456120113,2021-11-08,19:05:41,2
DRA-210406-162,Illegal Street Racing,Drag Racing,28.625937809536065,77.20658112610805,2021-04-06,09:33:35,3
ROA-210127-110,Assault,Road Rage Incident,28.60180785883176,77.18088785788733,2021-01-27,22:31:03,4
TOL-210107-780,Fraud,Toll Booth Fraud,28.637673142856546,77.18417053130653,2021-01-07,21:06:46,2
MUG-211102-843,Robbery,Mugging,28.587958623279548,77.1861855686879,2021-11-02,00:38:17,4
TAR-210911-631,Hate Crimes,Targeted Assault,28.61971681970424,77.21822636712474,2021-09-11,07:07:23,5
BLO-211221-470,Obstruction,Blocking Pedestrian Path,28.6465612817494,77.23243152472703,2021-12-21,00:32:24,1
AGG-210213-220,Loitering and Harassment,Aggressive Panhandling,28.654701936938245,77.20774805474795,2021-02-13,13:12:02,2
RAP-210921-859,Sexual Crime,Rape,28.651997609165456,77.19951487453514,2021-09-21,14:59:47,5
DRA-211105-921,Illegal Street Racing,Drag Racing,28.60106393437086,77.19552214848513,2021-11-05,12:05:16,3
VEH-210615-581,Kidnapping,Vehicle Abduction,28.633114431548762,77.20800183453719,2021-06-15,19:48:48,5
HIG-210527-658,Kidnapping,Highway Kidnapping,28.657253641040114,77.18637424431454,2021-05-27,19:35:14,5
DRA-210202-204,Illegal Street Racing,Drag Racing,28.671371761838795,77.2263345524923,2021-02-02,02:58:19,3
VEH-210401-292,Theft,Vehicle Theft,28.673243770262726,77.26658178766084,2021-04-01,16:45:04,4
DAN-210116-361,Illegal Street Racing,Dangerous Driving,28.65529304745599,77.23390023547584,2021-01-16,11:58:03,4
DRU-210605-966,Traffic Violation,Drunk Driving,28.65349896270772,77.22262405854907,2021-06-05,23:30:15,4
ACC-210527-718,Hit-and-Run,Accident Fleeing,28.66441036571929,77.2217574791043,2021-05-27,01:17:30,4
AGG-210604-151,Loitering and Harassment,Aggressive Panhandling,28.654981503166688,77.17960454144674,2021-06-04,05:54:44,2
ROA-210107-191,Vandalism,Road Sign Graffiti,28.633264426780492,77.1742150533513,2021-01-07,18:08:09,1
AGG-210627-702,Loitering and Harassment,Aggressive Panhandling,28.65752994610764,77.19754836818996,2021-06-27,11:28:36,2
SPE-210414-626,Traffic Violation,Speeding,28.675638793415278,77.18156227505104,2021-04-14,02:48:41,2
VEH-210426-164,Kidnapping,Vehicle Abduction,28.651447785613925,77.18623057210378,2021-04-26,05:28:46,5
CAR-210715-978,Assault,Carjacking,28.639020441440486,77.17810186058087,2021-07-15,06:32:46,5
ILL-211227-404,Obstruction,Illegal Vending,28.629839602150685,77.20505029465637,2021-12-27,08:54:20,1
HUM-210911-323,Drug Trafficking,Human Trafficking,28.60050673890135,77.22864321301488,2021-09-11,11:48:45,5
PUB-210615-463,Drug Trafficking,Public Intoxication,28.6376774656622,77.18274755360763,2021-06-15,01:33:03,1
VEH-210308-937,Vandalism,Vehicle Damage,28.592887487645825,77.24107541347107,2021-03-08,04:48:24,2
ILL-210919-181,Obstruction,Illegal Vending,28.64001523418982,77.23746215802349,2021-09-19,06:54:20,1
TOL-210920-408,Fraud,Toll Booth Fraud,28.645407231000732,77.1787573859547,2021-09-20,20:19:19,2
AGG-210612-286,Loitering and Harassment,Aggressive Panhandling,28.641799465379872,77.17358524487693,2021-06-12,22:46:49,2
HUM-210822-438,Drug Trafficking,Human Trafficking,28.6476391049154,77.20567469712672,2021-08-22,13:08:30,5
HIG-210214-363,Kidnapping,Highway Kidnapping,28.607609635975304,77.20498142030223,2021-02-14,06:55:26,5
INJ-210617-666,Hit-and-Run,Injury Escape,28.642682155072574,77.244589225464,2021-06-17,08:49:23,5
INJ-210621-864,Hit-and-Run,Injury Escape,28.65309792665597,77.18176727528865,2021-06-21,23:17:25,5
HUM-211007-063,Drug Trafficking,Human Trafficking,28.66880491537902,77.19309920364603,2021-10-07,22:44:25,5
INS-210822-713,Fraud,Insurance Scam,28.63953744489062,77.17639842078854,2021-08-22,14:06:22,3
ARM-210217-618,Robbery,Armed Robbery,28.653801600611782,77.23187591016914,2021-02-17,13:45:27,5
TOL-210621-135,Fraud,Toll Booth Fraud,28.673605328309854,77.18488683407436,2021-06-21,15:40:09,2
DRU-211215-371,Traffic Violation,Drunk Driving,28.66897193305518,77.19532725097012,2021-12-15,00:40:03,4
DRU-210127-124,Traffic Violation,Drunk Driving,28.676459396114055,77.19417363198752,2021-01-27,16:58:31,4
VER-210420-792,Hate Crimes,Verbal Abuse,28.605296152742685,77.23009302063012,2021-04-20,14:40:08,3
VER-210125-130,Hate Crimes,Verbal Abuse,28.661527205745408,77.26818883671626,2021-01-25,04:47:32,3
STR-210505-551,Loitering and Harassment,Street Harassment,28.64140628241228,77.17955985472652,2021-05-05,09:11:52,3
BLO-210705-584,Obstruction,Blocking Pedestrian Path,28.671431639796506,77.26740412359085,2021-07-05,13:09:00,1
TAR-210909-670,Hate Crimes,Targeted Assault,28.667935246444884,77.25677711375658,2021-09-09,07:56:14,5
REC-210704-168,Traffic Violation,Reckless Driving,28.626139901139123,77.2158971151246,2021-07-04,21:33:36,3
SPE-211021-485,Traffic Violation,Speeding,28.649986877039535,77.20738512761447,2021-10-21,05:35:27,2
VER-210906-882,Assault,Verbal Altercation,28.64743216121549,77.21562535119506,2021-09-06,11:22:06,2
DRA-210621-480,Illegal Street Racing,Drag Racing,28.652596050882742,77.18544510601774,2021-06-21,09:45:26,3
ILL-210716-251,Obstruction,Illegal Vending,28.672533669730292,77.17230050230354,2021-07-16,08:39:54,1
VER-210301-773,Assault,Verbal Altercation,28.598070618596438,77.19800320209191,2021-03-01,20:11:50,2
REC-210109-348,Traffic Violation,Reckless Driving,28.662265439130568,77.261285730564,2021-01-09,23:47:35,3
DRA-210524-429,Illegal Street Racing,Drag Racing,28.604424042393738,77.23776110569317,2021-05-24,17:12:07,3
HUM-210612-047,Drug Trafficking,Human Trafficking,28.64106787167375,77.24387105536267,2021-06-12,02:36:02,5
RAP-210703-047,Sexual Crime,Rape,28.645213750834916,77.24388515060691,2021-07-03,16:02:13,5
PUB-211027-321,Drug Trafficking,Public Intoxication,28.608888750140515,77.23996321168102,2021-10-27,00:43:52,1
CAR-210714-864,Assault,Carjacking,28.599278276879723,77.22299775503599,2021-07-14,06:20:20,5
PUB-210707-187,Drug Trafficking,Public Intoxication,28.644559674079964,77.2125474502232,2021-07-07,00:59:26,1
STA-211107-067,Loitering and Harassment,Stalking,28.600126682526717,77.21299549664118,2021-11-07,15:57:34,4
STE-211214-750,Theft,Stealing from Vehicle,28.648189475961715,77.1999578892355,2021-12-14,22:58:15,3
TAR-210828-348,Hate Crimes,Targeted Assault,28.629685281632213,77.23060633018297,2021-08-28,21:45:40,5
INJ-210706-974,Hit-and-Run,Injury Escape,28.651442652961112,77.26697960214463,2021-07-06,01:12:32,5
INJ-211010-732,Hit-and-Run,Injury Escape,28.643216957033697,77.2067668600665,2021-10-10,12:50:00,5
BLO-210728-503,Obstruction,Blocking Pedestrian Path,28.62884412363312,77.20831502506898,2021-07-28,20:57:23,1
CAR-211208-242,Assault,Carjacking,28.668817898096645,77.26670310969105,2021-12-08,20:47:39,5
DAN-210626-494,Illegal Street Racing,Dangerous Driving,28.65697451193272,77.18599682713423,2021-06-26,08:47:06,4
STE-211116-972,Theft,Stealing from Vehicle,28.657382926394313,77.20368377867563,2021-11-16,05:52:32,3
TAR-210416-888,Hate Crimes,Targeted Assault,28.665719068810777,77.19155295558016,2021-04-16,08:26:22,5
CAR-210806-431,Assault,Carjacking,28.59727509244269,77.22324344414224,2021-08-06,04:43:18,5
ACC-210204-419,Hit-and-Run,Accident Fleeing,28.66420979192813,77.26479138082773,2021-02-04,15:19:10,4
INS-210510-619,Fraud,Insurance Scam,28.65116307684215,77.22470475047758,2021-05-10,09:36:19,3
